date,path,count,uniques
2026-08-24,/kersidjay69-art/Character-Check,22,8
2026-08-24,/kersidjay69-art/Character-Check/blob/main/README.ru.md,3,3
2026-08-24,/kersidjay69-art/Character-Check/commits/v0.1,1,1
2026-08-24,/kersidjay69-art/Character-Check/pulls,1,1
2026-08-24,/kersidjay69-art/Character-Check/pulse,1,1
2026-08-24,/kersidjay69-art/Character-Check/releases,4,3
2026-08-24,/kersidjay69-art/Character-Check/releases/tag/v0.1,4,3
2026-08-25,/kersidjay69-art/Character-Check,27,9
2026-08-25,/kersidjay69-art/Character-Check/activity,1,1
2026-08-25,/kersidjay69-art/Character-Check/blob/main/README.ru.md,3,3
2026-08-25,/kersidjay69-art/Character-Check/commits/v0.1,1,1
2026-08-25,/kersidjay69-art/Character-Check/pulls,1,1
2026-08-25,/kersidjay69-art/Character-Check/pulse,1,1
2026-08-25,/kersidjay69-art/Character-Check/releases,7,4
2026-08-25,/kersidjay69-art/Character-Check/releases/tag/v0.1,4,3
2026-08-25,/kersidjay69-art/Character-Check/releases/tag/v0.2,3,1
2026-08-26,/kersidjay69-art/Character-Check,33,10
2026-08-26,/kersidjay69-art/Character-Check/activity,2,1
2026-08-26,/kersidjay69-art/Character-Check/blob/main/README.ru.md,3,3
2026-08-26,/kersidjay69-art/Character-Check/commits/v0.1,1,1
2026-08-26,/kersidjay69-art/Character-Check/pulls,1,1
2026-08-26,/kersidjay69-art/Character-Check/pulse,1,1
2026-08-26,/kersidjay69-art/Character-Check/releases,8,4
2026-08-26,/kersidjay69-art/Character-Check/releases/tag/v0.1,4,3
2026-08-26,/kersidjay69-art/Character-Check/releases/tag/v0.2,3,1
2026-08-26,/kersidjay69-art/Character-Check/releases/tag/v0.3,3,2
2026-08-27,/kersidjay69-art/Character-Check,33,10
2026-08-27,/kersidjay69-art/Character-Check/activity,2,1
2026-08-27,/kersidjay69-art/Character-Check/blob/main/README.ru.md,3,3
2026-08-27,/kersidjay69-art/Character-Check/commits/v0.1,1,1
2026-08-27,/kersidjay69-art/Character-Check/pulls,1,1
2026-08-27,/kersidjay69-art/Character-Check/pulse,1,1
2026-08-27,/kersidjay69-art/Character-Check/releases,8,4
2026-08-27,/kersidjay69-art/Character-Check/releases/tag/v0.1,4,3
2026-08-27,/kersidjay69-art/Character-Check/releases/tag/v0.2,3,1
2026-08-27,/kersidjay69-art/Character-Check/releases/tag/v0.3,3,2
2026-08-28,/kersidjay69-art/Character-Check,33,10
2026-08-28,/kersidjay69-art/Character-Check/activity,2,1
2026-08-28,/kersidjay69-art/Character-Check/blob/main/README.ru.md,3,3
2026-08-28,/kersidjay69-art/Character-Check/commits/v0.1,1,1
2026-08-28,/kersidjay69-art/Character-Check/pulls,1,1
2026-08-28,/kersidjay69-art/Character-Check/pulse,1,1
2026-08-28,/kersidjay69-art/Character-Check/releases,8,4
2026-08-28,/kersidjay69-art/Character-Check/releases/tag/v0.1,4,3
2026-08-28,/kersidjay69-art/Character-Check/releases/tag/v0.2,3,1
2026-08-28,/kersidjay69-art/Character-Check/releases/tag/v0.3,3,2
2026-08-29,/kersidjay69-art/Character-Check,33,10
2026-08-29,/kersidjay69-art/Character-Check/activity,2,1
2026-08-29,/kersidjay69-art/Character-Check/blob/main/README.ru.md,3,3
2026-08-29,/kersidjay69-art/Character-Check/commits/v0.1,1,1
2026-08-29,/kersidjay69-art/Character-Check/pulls,1,1
2026-08-29,/kersidjay69-art/Character-Check/pulse,1,1
2026-08-29,/kersidjay69-art/Character-Check/releases,8,4
2026-08-29,/kersidjay69-art/Character-Check/releases/tag/v0.1,4,3
2026-08-29,/kersidjay69-art/Character-Check/releases/tag/v0.2,3,1
2026-08-29,/kersidjay69-art/Character-Check/releases/tag/v0.3,3,2
2026-08-30,/kersidjay69-art/Character-Check,36,13
2026-08-30,/kersidjay69-art/Character-Check/activity,2,1
2026-08-30,/kersidjay69-art/Character-Check/blob/main/README.ru.md,3,3
2026-08-30,/kersidjay69-art/Character-Check/commits/v0.1,1,1
2026-08-30,/kersidjay69-art/Character-Check/projects,1,1
2026-08-30,/kersidjay69-art/Character-Check/pulls,1,1
2026-08-30,/kersidjay69-art/Character-Check/releases,8,4
2026-08-30,/kersidjay69-art/Character-Check/releases/tag/v0.1,4,3
2026-08-30,/kersidjay69-art/Character-Check/releases/tag/v0.2,3,1
2026-08-30,/kersidjay69-art/Character-Check/releases/tag/v0.3,3,2
2026-09-01,/kersidjay69-art/Character-Check,37,13
2026-09-01,/kersidjay69-art/Character-Check/activity,2,1
2026-09-01,/kersidjay69-art/Character-Check/blob/main/README.ru.md,3,3
2026-09-01,/kersidjay69-art/Character-Check/commits/v0.1,1,1
2026-09-01,/kersidjay69-art/Character-Check/projects,1,1
2026-09-01,/kersidjay69-art/Character-Check/pulls,1,1
2026-09-01,/kersidjay69-art/Character-Check/releases,8,4
2026-09-01,/kersidjay69-art/Character-Check/releases/tag/v0.1,4,3
2026-09-01,/kersidjay69-art/Character-Check/releases/tag/v0.2,3,1
2026-09-01,/kersidjay69-art/Character-Check/releases/tag/v0.3,3,2
2026-09-02,/kersidjay69-art/Character-Check,37,13
2026-09-02,/kersidjay69-art/Character-Check/activity,2,1
2026-09-02,/kersidjay69-art/Character-Check/blob/main/README.ru.md,3,3
2026-09-02,/kersidjay69-art/Character-Check/commits/v0.1,1,1
2026-09-02,/kersidjay69-art/Character-Check/projects,1,1
2026-09-02,/kersidjay69-art/Character-Check/pulls,1,1
2026-09-02,/kersidjay69-art/Character-Check/releases,8,4
2026-09-02,/kersidjay69-art/Character-Check/releases/tag/v0.1,4,3
2026-09-02,/kersidjay69-art/Character-Check/releases/tag/v0.2,3,1
2026-09-02,/kersidjay69-art/Character-Check/releases/tag/v0.3,3,2
2026-09-03,/kersidjay69-art/Character-Check,37,13
2026-09-03,/kersidjay69-art/Character-Check/activity,2,1
2026-09-03,/kersidjay69-art/Character-Check/blob/main/README.ru.md,3,3
2026-09-03,/kersidjay69-art/Character-Check/commits/v0.1,1,1
2026-09-03,/kersidjay69-art/Character-Check/projects,1,1
2026-09-03,/kersidjay69-art/Character-Check/pulls,1,1
2026-09-03,/kersidjay69-art/Character-Check/releases,8,4
2026-09-03,/kersidjay69-art/Character-Check/releases/tag/v0.1,4,3
2026-09-03,/kersidjay69-art/Character-Check/releases/tag/v0.2,3,1
2026-09-03,/kersidjay69-art/Character-Check/releases/tag/v0.3,3,2
2026-09-04,/kersidjay69-art/Character-Check,37,13
2026-09-04,/kersidjay69-art/Character-Check/activity,2,1
2026-09-04,/kersidjay69-art/Character-Check/blob/main/README.ru.md,3,3
2026-09-04,/kersidjay69-art/Character-Check/commits/v0.1,1,1
2026-09-04,/kersidjay69-art/Character-Check/projects,1,1
2026-09-04,/kersidjay69-art/Character-Check/pulls,1,1
2026-09-04,/kersidjay69-art/Character-Check/releases,8,4
2026-09-04,/kersidjay69-art/Character-Check/releases/tag/v0.1,4,3
2026-09-04,/kersidjay69-art/Character-Check/releases/tag/v0.2,3,1
2026-09-04,/kersidjay69-art/Character-Check/releases/tag/v0.3,3,2
2026-09-05,/kersidjay69-art/Character-Check,37,13
2026-09-05,/kersidjay69-art/Character-Check/activity,2,1
2026-09-05,/kersidjay69-art/Character-Check/blob/main/README.ru.md,3,3
2026-09-05,/kersidjay69-art/Character-Check/commits/v0.1,1,1
2026-09-05,/kersidjay69-art/Character-Check/projects,1,1
2026-09-05,/kersidjay69-art/Character-Check/pulls,1,1
2026-09-05,/kersidjay69-art/Character-Check/releases,8,4
2026-09-05,/kersidjay69-art/Character-Check/releases/tag/v0.1,4,3
2026-09-05,/kersidjay69-art/Character-Check/releases/tag/v0.2,3,1
2026-09-05,/kersidjay69-art/Character-Check/releases/tag/v0.3,3,2
